Image,ObjectID,Area,Perimeter,CentroidX,CentroidY,AngleRad,Eccentricity,Circularity,Solidity,BBoxAspect,CornerCount,ConcaveCount,Label_Euclid,Label_Mahalanobis
28.png,1,10226,572,801.0298,123.4445,1.565569,0.320539,0.392757,1460.857143,1.0000,1,0,flecha,estrella
28.png,2,15843,400,179.5453,143.5404,-2.666719,0.016919,1.244306,2263.285714,1.0000,1,0,circulo,circulo
28.png,3,21941,855,555.5206,312.8326,1.588761,0.317112,0.377167,3134.428571,1.0000,1,0,estrella,estrella
28.png,4,11197,431,921.5787,352.5878,1.578201,0.655875,0.757455,1599.571429,1.0000,1,0,flecha,flecha
28.png,5,9299,392,288.3954,440.0000,0.000000,0.654156,0.760456,1328.428571,1.0000,1,0,flecha,flecha
