Image,ObjectID,Area,Perimeter,CentroidX,CentroidY,AngleRad,Eccentricity,Circularity,Solidity,BBoxAspect,CornerCount,ConcaveCount,Label_Euclid,Label_Mahalanobis
29.png,1,10357,420,963.0000,130.5135,1.570796,0.499120,0.737811,1479.571429,1.0000,1,0,flecha,flecha
29.png,2,137641,1480,507.0000,323.0000,0.000000,0.000000,0.789649,1.005413,1.0000,1,0,estrella,flecha
29.png,3,14641,480,811.0000,291.0000,0.000000,0.000000,0.798543,1.016736,1.0000,1,0,circulo,estrella
29.png,4,10071,414,155.0000,336.1803,1.570796,0.499096,0.738383,1438.714286,1.0000,1,0,flecha,flecha
29.png,5,17751,763,938.5277,484.3324,1.589092,0.317088,0.383163,2535.857143,1.0000,1,0,estrella,estrella
