Image,ObjectID,Area,Perimeter,CentroidX,CentroidY,AngleRad,Eccentricity,Circularity,Solidity,BBoxAspect,CornerCount,ConcaveCount,Label_Euclid,Label_Mahalanobis
30.png,1,29218,544,315.0364,171.0485,1.025100,0.015119,1.240688,4174.000000,1.0000,1,0,circulo,circulo
30.png,2,15843,400,754.5453,189.5404,-2.666719,0.016919,1.244306,2263.285714,1.0000,1,0,circulo,circulo
30.png,3,15477,516,573.0000,301.8444,1.570796,0.499406,0.730461,2211.000000,1.0000,1,0,flecha,flecha
30.png,4,7431,484,275.0289,420.9308,1.564419,0.321337,0.398627,1061.571429,1.0000,1,0,flecha,estrella
30.png,5,18393,775,919.5213,500.0078,1.588734,0.328150,0.384821,2627.571429,1.0000,1,0,estrella,estrella
