Image,ObjectID,Area,Perimeter,CentroidX,CentroidY,AngleRad,Eccentricity,Circularity,Solidity,BBoxAspect,CornerCount,ConcaveCount,Label_Euclid,Label_Mahalanobis
31.png,1,49810,712,283.5482,182.5426,-2.593683,0.012007,1.234714,7115.714286,1.0000,1,0,circulo,circulo
31.png,2,11877,345,565.0312,120.0200,1.801079,0.025222,1.253945,1696.714286,1.0000,1,0,circulo,circulo
31.png,3,90190,956,857.0380,326.0348,-2.440444,0.015458,1.240088,12884.285714,1.0000,1,0,circulo,estrella
31.png,4,13049,653,541.5086,373.3892,1.596409,0.327706,0.384557,1864.142857,1.0000,1,0,flecha,estrella
31.png,5,19959,811,318.5318,501.7471,1.584547,0.328735,0.381335,2851.285714,1.0000,1,0,estrella,estrella
