Image,ObjectID,Area,Perimeter,CentroidX,CentroidY,AngleRad,Eccentricity,Circularity,Solidity,BBoxAspect,CornerCount,ConcaveCount,Label_Euclid,Label_Mahalanobis
33.png,1,32774,1051,290.5294,219.0718,1.582760,0.318139,0.372850,4682.000000,1.0000,1,0,estrella,estrella
33.png,2,48250,700,651.5384,182.5385,1.163505,0.011174,1.237403,6892.857143,1.0000,1,0,circulo,circulo
33.png,3,61717,1461,898.5210,409.6417,1.581622,0.317141,0.363341,8816.714286,1.0000,1,0,estrella,estrella
33.png,4,16015,525,128.6443,458.8362,1.588683,0.499171,0.730160,2287.857143,1.0000,1,0,flecha,flecha
33.png,5,23533,639,531.6580,489.1762,1.586132,0.499716,0.724245,3361.857143,1.0000,1,0,flecha,flecha
