Image,ObjectID,Area,Perimeter,CentroidX,CentroidY,AngleRad,Eccentricity,Circularity,Solidity,BBoxAspect,CornerCount,ConcaveCount,Label_Euclid,Label_Mahalanobis
34.png,1,41196,1181,925.5231,218.6669,1.584251,0.322352,0.371163,5885.142857,1.0000,1,0,estrella,estrella
34.png,2,12954,471,158.6397,147.8377,1.590444,0.499080,0.733790,1850.571429,1.0000,1,0,flecha,flecha
34.png,3,66564,1028,519.5000,178.5000,0.000000,0.000000,0.791522,1.007797,1.0000,1,0,estrella,flecha
34.png,4,16056,522,263.5052,456.5473,-3.137613,0.665950,0.740468,2293.714286,1.0000,1,0,flecha,flecha
34.png,5,34282,588,707.0274,487.0281,-2.388498,0.011606,1.246010,4897.428571,1.0000,1,0,circulo,circulo
