Image,ObjectID,Area,Perimeter,CentroidX,CentroidY,AngleRad,Eccentricity,Circularity,Solidity,BBoxAspect,CornerCount,ConcaveCount,Label_Euclid,Label_Mahalanobis
35.png,1,35489,1096,784.0308,198.2500,1.569518,0.319990,0.371264,5069.857143,1.0000,1,0,estrella,estrella
35.png,2,30989,735,391.6580,234.5083,1.584156,0.499783,0.720846,4427.000000,1.0000,1,0,estrella,flecha
35.png,3,20599,456,906.5413,461.5378,1.013146,0.024504,1.244877,2942.714286,1.0000,1,0,circulo,circulo
35.png,4,26896,652,386.5000,469.5000,0.000000,0.000000,0.795065,1.012308,1.0000,1,0,circulo,estrella
