Image,ObjectID,Area,Perimeter,CentroidX,CentroidY,AngleRad,Eccentricity,Circularity,Solidity,BBoxAspect,CornerCount,ConcaveCount,Label_Euclid,Label_Mahalanobis
36.png,1,39026,628,286.0525,159.0480,-2.718675,0.013197,1.243497,5575.142857,1.0000,1,0,circulo,circulo
36.png,2,10071,414,860.0000,150.1803,1.570796,0.499096,0.738383,1438.714286,1.0000,1,0,flecha,flecha
36.png,3,23068,875,581.5325,337.0157,1.583523,0.321231,0.378620,3295.428571,1.0000,1,0,estrella,estrella
36.png,4,9844,316,891.5221,438.5611,1.566533,0.260860,1.238817,1406.285714,1.0000,1,0,circulo,circulo
