Image,ObjectID,Area,Perimeter,CentroidX,CentroidY,AngleRad,Eccentricity,Circularity,Solidity,BBoxAspect,CornerCount,ConcaveCount,Label_Euclid,Label_Mahalanobis
38.png,1,10357,420,963.0000,130.5135,1.570796,0.499120,0.737811,1479.571429,1.0000,1,0,flecha,flecha
38.png,2,21868,471,437.0285,221.0450,1.224316,0.023809,1.238731,3124.000000,1.0000,1,0,circulo,circulo
38.png,3,14641,480,811.0000,291.0000,0.000000,0.000000,0.798543,1.016736,1.0000,1,0,circulo,estrella
38.png,4,10071,414,155.0000,336.1803,1.570796,0.499096,0.738383,1438.714286,1.0000,1,0,flecha,flecha
38.png,5,17751,763,938.5277,484.3324,1.589092,0.317088,0.383163,2535.857143,1.0000,1,0,estrella,estrella
38.png,6,53851,740,515.5571,502.5625,0.880867,0.011966,1.235777,7693.000000,1.0000,1,0,circulo,circulo
