Image,ObjectID,Area,Perimeter,CentroidX,CentroidY,AngleRad,Eccentricity,Circularity,Solidity,BBoxAspect,CornerCount,ConcaveCount,Label_Euclid,Label_Mahalanobis
39.png,1,40401,800,306.0000,201.0000,0.000000,0.000000,0.793272,1.010025,1.0000,1,0,estrella,estrella
39.png,2,15843,400,754.5453,189.5404,-2.666719,0.016919,1.244306,2263.285714,1.0000,1,0,circulo,circulo
39.png,3,15477,516,573.0000,301.8444,1.570796,0.499406,0.730461,2211.000000,1.0000,1,0,flecha,flecha
39.png,4,18393,775,865.5213,454.0078,1.588734,0.328150,0.384821,2627.571429,1.0000,1,0,estrella,estrella
39.png,5,7431,484,275.0289,420.9308,1.564419,0.321337,0.398627,1061.571429,1.0000,1,0,flecha,estrella
