Image,ObjectID,Area,Perimeter,CentroidX,CentroidY,AngleRad,Eccentricity,Circularity,Solidity,BBoxAspect,CornerCount,ConcaveCount,Label_Euclid,Label_Mahalanobis
40.png,1,93636,1220,274.5000,192.5000,0.000000,0.000000,0.790557,1.006568,1.0000,1,0,estrella,flecha
40.png,2,11877,345,565.0312,120.0200,1.801079,0.025222,1.253945,1696.714286,1.0000,1,0,circulo,circulo
40.png,3,34311,774,862.0000,356.1742,1.570796,0.499729,0.719716,4901.571429,1.0000,1,0,estrella,flecha
40.png,4,13049,653,541.5086,373.3892,1.596409,0.327706,0.384557,1864.142857,1.0000,1,0,flecha,estrella
40.png,5,19959,811,318.5318,501.7471,1.584547,0.328735,0.381335,2851.285714,1.0000,1,0,estrella,estrella
