Image,ObjectID,Area,Perimeter,CentroidX,CentroidY,AngleRad,Eccentricity,Circularity,Solidity,BBoxAspect,CornerCount,ConcaveCount,Label_Euclid,Label_Mahalanobis
41.png,1,110389,1060,320.0194,209.0208,-3.062809,0.008279,1.234593,15769.857143,1.0000,1,0,circulo,estrella
41.png,2,16273,524,643.7759,168.0000,0.000000,0.664599,0.744758,2324.714286,1.0000,1,0,flecha,flecha
41.png,3,10732,328,884.0402,164.0325,1.313057,0.010177,1.253553,1533.142857,1.0000,1,0,circulo,circulo
41.png,4,41251,846,962.5466,449.0117,1.568450,0.677586,0.724275,5893.000000,1.0000,1,0,estrella,flecha
41.png,5,34969,744,545.0000,486.0000,0.000000,0.000000,0.793866,1.010782,1.0000,1,0,circulo,estrella
