Image,ObjectID,Area,Perimeter,CentroidX,CentroidY,AngleRad,Eccentricity,Circularity,Solidity,BBoxAspect,CornerCount,ConcaveCount,Label_Euclid,Label_Mahalanobis
43.png,1,66564,1028,519.5000,178.5000,0.000000,0.000000,0.791522,1.007797,1.0000,1,0,estrella,flecha
43.png,2,24026,641,913.5774,194.2964,1.575503,0.670562,0.734810,3432.285714,1.0000,1,0,flecha,flecha
43.png,3,19589,578,167.7690,183.0000,0.000000,0.669227,0.736829,2798.428571,1.0000,1,0,flecha,flecha
43.png,4,16056,522,263.5052,456.5473,-3.137613,0.665950,0.740468,2293.714286,1.0000,1,0,flecha,flecha
43.png,5,34282,588,707.0274,487.0281,-2.388498,0.011606,1.246010,4897.428571,1.0000,1,0,circulo,circulo
