Image,ObjectID,Area,Perimeter,CentroidX,CentroidY,AngleRad,Eccentricity,Circularity,Solidity,BBoxAspect,CornerCount,ConcaveCount,Label_Euclid,Label_Mahalanobis
44.png,1,10071,414,860.0000,150.1803,1.570796,0.499096,0.738383,1438.714286,1.0000,1,0,flecha,flecha
44.png,2,32761,720,272.0000,175.0000,0.000000,0.000000,0.794149,1.011142,1.0000,1,0,circulo,estrella
44.png,3,23068,875,581.5325,337.0157,1.583523,0.321231,0.378620,3295.428571,1.0000,1,0,estrella,estrella
44.png,4,20599,456,1051.5413,298.5378,1.013146,0.024504,1.244877,2942.714286,1.0000,1,0,circulo,circulo
44.png,5,33394,758,219.5304,444.2433,3.134189,0.674381,0.730365,4770.571429,1.0000,1,0,flecha,flecha
44.png,6,9843,317,891.5174,438.5641,1.564022,0.261190,1.230889,1406.142857,1.0000,1,0,circulo,circulo
