Image,ObjectID,Area,Perimeter,CentroidX,CentroidY,AngleRad,Eccentricity,Circularity,Solidity,BBoxAspect,CornerCount,ConcaveCount,Label_Euclid,Label_Mahalanobis
45.png,1,10071,414,143.0000,141.1803,1.570796,0.499096,0.738383,1438.714286,1.0000,1,0,flecha,flecha
45.png,2,16273,524,643.7759,168.0000,0.000000,0.664599,0.744758,2324.714286,1.0000,1,0,flecha,flecha
45.png,3,10732,328,884.0402,164.0325,1.313057,0.010177,1.253553,1533.142857,1.0000,1,0,circulo,circulo
45.png,4,10357,420,365.0000,259.5135,1.570796,0.499120,0.737811,1479.571429,1.0000,1,0,flecha,flecha
45.png,5,41251,846,962.5466,449.0117,1.568450,0.677586,0.724275,5893.000000,1.0000,1,0,estrella,flecha
45.png,6,42025,816,615.0000,441.0000,0.000000,0.000000,0.793117,1.009828,1.0000,1,0,estrella,estrella
45.png,7,34969,744,245.0000,510.0000,0.000000,0.000000,0.793866,1.010782,1.0000,1,0,circulo,estrella
