Image,ObjectID,Area,Perimeter,CentroidX,CentroidY,AngleRad,Eccentricity,Circularity,Solidity,BBoxAspect,CornerCount,ConcaveCount,Label_Euclid,Label_Mahalanobis
47.png,1,10357,420,963.0000,130.5135,1.570796,0.499120,0.737811,1479.571429,1.0000,1,0,flecha,flecha
47.png,2,48250,700,411.5384,173.5385,1.163505,0.011174,1.237403,6892.857143,1.0000,1,0,circulo,circulo
47.png,3,14641,480,811.0000,291.0000,0.000000,0.000000,0.798543,1.016736,1.0000,1,0,circulo,estrella
47.png,4,10071,414,155.0000,336.1803,1.570796,0.499096,0.738383,1438.714286,1.0000,1,0,flecha,flecha
47.png,5,22466,863,509.5318,454.5507,1.585273,0.323144,0.379065,3209.428571,1.0000,1,0,estrella,estrella
47.png,6,17751,763,938.5277,484.3324,1.589092,0.317088,0.383163,2535.857143,1.0000,1,0,estrella,estrella
