Image,ObjectID,Area,Perimeter,CentroidX,CentroidY,AngleRad,Eccentricity,Circularity,Solidity,BBoxAspect,CornerCount,ConcaveCount,Label_Euclid,Label_Mahalanobis
48.png,1,10071,414,143.0000,141.1803,1.570796,0.499096,0.738383,1438.714286,1.0000,1,0,flecha,flecha
48.png,2,16273,524,643.7759,168.0000,0.000000,0.664599,0.744758,2324.714286,1.0000,1,0,flecha,flecha
48.png,3,10732,328,884.0402,164.0325,1.313057,0.010177,1.253553,1533.142857,1.0000,1,0,circulo,circulo
48.png,4,10357,420,365.0000,259.5135,1.570796,0.499120,0.737811,1479.571429,1.0000,1,0,flecha,flecha
48.png,5,27248,958,581.0315,464.0866,1.568769,0.321256,0.373090,3892.571429,1.0000,1,0,estrella,estrella
48.png,6,41251,846,962.5466,449.0117,1.568450,0.677586,0.724275,5893.000000,1.0000,1,0,estrella,flecha
48.png,7,21941,855,239.5206,493.8326,1.588761,0.317112,0.377167,3134.428571,1.0000,1,0,estrella,estrella
