Image,ObjectID,Area,Perimeter,CentroidX,CentroidY,AngleRad,Eccentricity,Circularity,Solidity,BBoxAspect,CornerCount,ConcaveCount,Label_Euclid,Label_Mahalanobis
49.png,1,20893,596,670.0000,134.2224,1.570796,0.668398,0.739125,2984.714286,1.0000,1,0,flecha,flecha
49.png,2,10357,420,963.0000,130.5135,1.570796,0.499120,0.737811,1479.571429,1.0000,1,0,flecha,flecha
49.png,3,29578,714,417.5475,352.8420,1.567945,0.674090,0.729092,4225.428571,1.0000,1,0,flecha,flecha
49.png,4,10071,414,155.0000,336.1803,1.570796,0.499096,0.738383,1438.714286,1.0000,1,0,flecha,flecha
49.png,5,14641,480,741.0000,321.0000,0.000000,0.000000,0.798543,1.016736,1.0000,1,0,circulo,estrella
49.png,6,17751,763,938.5277,484.3324,1.589092,0.317088,0.383163,2535.857143,1.0000,1,0,estrella,estrella
