Image,ObjectID,Area,Perimeter,CentroidX,CentroidY,AngleRad,Eccentricity,Circularity,Solidity,BBoxAspect,CornerCount,ConcaveCount,Label_Euclid,Label_Mahalanobis
5.png,1,35422,750,243.0000,164.5000,0.000000,0.447129,0.791335,1.010729,1.1180,1,0,cuadrado,cuadrado
5.png,2,34028,734,718.5000,249.0000,0.000000,0.270340,0.793696,1.010933,1.0387,1,0,estrella,flecha
5.png,3,17625,528,883.0000,440.0000,0.000000,0.462693,0.794458,1.015265,1.1280,1,0,cuadrado,cuadrado
5.png,4,14606,482,376.5000,450.0000,0.000000,0.581675,0.790036,1.016848,1.2294,1,0,cuadrado,cuadrado
5.png,5,16440,510,150.0000,530.5000,0.000000,0.482483,0.794276,1.015818,1.1417,1,0,cuadrado,cuadrado
