Image,ObjectID,Area,Perimeter,CentroidX,CentroidY,AngleRad,Eccentricity,Circularity,Solidity,BBoxAspect,CornerCount,ConcaveCount,Label_Euclid,Label_Mahalanobis
50.png,1,69696,1052,437.5000,162.5000,0.000000,0.000000,0.791382,1.007619,1.0000,1,0,estrella,flecha
50.png,2,10357,420,963.0000,130.5135,1.570796,0.499120,0.737811,1479.571429,1.0000,1,0,flecha,flecha
50.png,3,44944,844,151.5000,314.5000,0.000000,0.000000,0.792860,1.009501,1.0000,1,0,estrella,estrella
50.png,4,14641,480,811.0000,291.0000,0.000000,0.000000,0.798543,1.016736,1.0000,1,0,circulo,estrella
50.png,5,22466,863,509.5318,454.5507,1.585273,0.323144,0.379065,3209.428571,1.0000,1,0,estrella,estrella
50.png,6,17751,763,938.5277,484.3324,1.589092,0.317088,0.383163,2535.857143,1.0000,1,0,estrella,estrella
