Image,ObjectID,Area,Perimeter,CentroidX,CentroidY,AngleRad,Eccentricity,Circularity,Solidity,BBoxAspect,CornerCount,ConcaveCount,Label_Euclid,Label_Mahalanobis
9.png,1,18862,436,303.5361,142.5420,3.133159,0.161679,1.246880,2694.571429,1.0000,1,0,circulo,circulo
9.png,2,20552,456,997.0474,149.0440,3.140344,0.397465,1.242036,2936.000000,1.0000,1,0,circulo,circulo
9.png,3,45173,676,644.0399,304.0443,3.138539,0.221231,1.242211,6453.285714,1.0000,1,0,circulo,circulo
9.png,4,11027,334,284.5593,399.0314,1.591077,0.131771,1.242151,1575.285714,1.0000,1,0,circulo,circulo
