Cluster,Area,Perim,Circularity,Eccentricity,Solidity,BBoxAspect,CornerCount,ConcaveCount
1,23061.182,588.286,0.737836,0.546853,2299.781959,1.001507,1.000,0.000
2,28600.000,664.500,0.792483,0.455439,1.012499,1.123444,1.000,0.000
3,25575.881,487.262,1.243205,0.110431,3653.697279,1.000000,1.000,0.000
4,27891.316,778.934,0.558268,0.205155,3079.696489,1.000000,1.000,0.000
5,14606.000,482.000,0.790036,0.581675,1.016848,1.229358,1.000,0.000
